{"cameraMode":{"drawMode":0,"name":"Shaded","section":"Shading Mode"},"sceneLighting":false,"audioPlay":false,"sceneViewState":{"m_AlwaysRefresh":true,"showFog":true,"showSkybox":false,"showFlares":true,"showImageEffects":true,"showParticleSystems":true,"showVisualEffectGraphs":true,"m_FxEnabled":true},"in2DMode":false,"pivot":{"x":-5.364418029785156e-7,"y":0.8435056805610657,"z":-0.35525429248809817},"rotation":{"x":-0.000006725743787683314,"y":0.9999608397483826,"z":-0.007808858063071966,"w":-0.0011988672195002437},"size":1.8078951835632325,"orthographic":false}